[
    {
        "apelido": "Goku",
        "pontos": "2590",
        "data": "17\/09\/2023 11:47:07"
    },
    {
        "apelido": "Saitama",
        "pontos": "2590",
        "data": "17\/09\/2023 11:47:14"
    },
    {
        "apelido": "Ryu",
        "pontos": "1300",
        "data": "17\/09\/2023 11:47:24"
    },
    {
        "apelido": "Iron Man",
        "pontos": "1250",
        "data": "17\/09\/2023 11:47:54"
    },
    {
        "apelido": "Mario",
        "pontos": "250",
        "data": "17\/09\/2023 11:48:09"
    },
    {
        "apelido": "Sponge Bob",
        "pontos": "3",
        "data": "17\/09\/2023 11:48:21"
    },
    {
        "apelido": "Superman",
        "pontos": "2335",
        "data": "17\/09\/2023 11:48:36"
    },
    {
        "apelido": "Spider Man",
        "pontos": "1450",
        "data": "17\/09\/2023 11:49:11"
    },
    {
        "apelido": "Bomberman",
        "pontos": "9999",
        "data": "17\/09\/2023 20:32:07"
    },
    {
        "apelido": "Hero",
        "pontos": "100",
        "data": "17\/09\/2023 20:38:22"
    },
    {
        "apelido": "Hero2",
        "pontos": "200",
        "data": "17\/09\/2023 20:38:33"
    }
,{"apelido":"Anakin","pontos":"123456","data":"17\/09\/2023 21:02:51"}]